d8b6dd935a584c17afcb240ae9d8a1168b7c3a8406d2052fa5e0c4d376306be0,SHA-256,Malicious installer archive (app_setup.6653003.zip)
76126b360869a708bcbb786f31364947d3667d075023a019904ee9cd62fa5d1b,SHA-256,Malicious installer archive (app_setup.6653004.zip)
b55acab9800920a34950d7c6fcd0c76f0881371a4265dc9d0209186b679bcf28,SHA-256,Malicious installer archive (app_setup.6653004.zip)
f30a44d7f86a17bd937cf52c585e7a0306ddfa9bc7a1afe98f38b2ad925068eb,SHA-256,Malicious installer archive (app_setup.6653004.zip)
f220b33704ab98c23f13305b215a061292f587c89e46b832da3928cbf87ca0bd,SHA-256,Malicious installer archive (app_setup.6653005.zip)
a3f13ab379617d3e5b4b2a1157ea67241093786240e5a38ba56f41ab37e3e8ff,SHA-256,Malicious installer archive (app_setup.6653006.zip)
d032ab54e18972fffe6007632fa94e6b55ab381ccad3431236f40a4925bd994d,SHA-256,Malicious installer archive (app_setup.6653006.zip)
f790b92726e41a586ea37e3d36477b5f5ef453167b3820d5ac68a025f7f2a46d,SHA-256,Malicious installer archive (app_setup.6653006.zip)
3c8be565396cbb6321500599046dad8e5dc5991ae77619394bb915b76d528167,SHA-256,Malicious installer archive (app_setup.6653007.zip)
57082056052b5fa88aff4810d9441d64f8ad56a6df9ca6df1572c5180a175c23,SHA-256,Malicious installer archive (app_setup.6653008.zip)
bc9043ce26ff2bd8dbbc0b12f27a99a52be35e59023870d7ea8fdc8b02b41512,SHA-256,Malicious installer archive (app_setup.6653008.zip)
0b71afac031c04769dfaf4199c618e115081ad7d89dc94993ec6a05e8b16501c,SHA-256,Malicious installer archive (app_setup.6653011.zip)
237fb9dca8c4eea700ba326e98fde51270718d67e44965f47a223f26aca6ad39,SHA-256,Malicious installer archive (app_setup.6653012.zip)
f26842eceae85e5882ae439c33e98d9e844a27056684fb1ed68ad7032b3ca9f7,SHA-256,Malicious installer archive (app_setup.6653012.zip)
747909789f00dcb2fb83bc6cb8d4d00f3476b830e1698fd92c525f8fc267e4e2,SHA-256,Malicious installer archive (app_setup.6653013.zip)
c8c840689522d442597c3e537477153ff35462d3750db4c37bec12ba420e7104,SHA-256,Malicious installer archive (app_setup.6653013.zip)
3074b9f1960af22083a0697f2d34dcf93cd9a1b27cd9d449023bdda835991bf0,SHA-256,Malicious installer archive (innstll.1.0.61.zip)
445bb23a7734220b0733c5aac779922d504e74de60d8c60168dd74f62bcf06c6,SHA-256,Malicious installer archive (intsoft.103665005.zip)
fa158d0302d666e9c335a104d0f5f8d7052b52a833e3dd357f1ff68b2b726545,SHA-256,Malicious installer archive (intsoft.103665008.zip)
d88c83009a9f8725c40ff9d1ad6164f30c56d1f18102fe326d2625df1ba4da57,SHA-256,Malicious installer archive (intsoft.103665015.zip)
fcacfbcc062df2b6d080560ca8c336d047904e4bd571d4055b3d6330269ddcac,SHA-256,Malicious installer archive (intsoft.103665015.zip)
498ccd5b5140663e0b7eca8c3d6d1df8fc0199d16b42a707a50058b714e23563,SHA-256,Malicious installer archive (zinst.6638258001.zip)
63c0208e26d95825caf83bdb49b89a4396d8f07603db9f0ae9eb9cb4dc157221,SHA-256,Malicious installer archive (zinst.6638258001.zip)
a2a4479bf3e8b428c6e7b456b93545772851722add1dba3857e0e0c309f2adaa,SHA-256,Malicious installer archive (zinst.6638258001.zip)
4a0bf3568fb5f7b82786a6d80ec34a0b5512b803d7ddf80d2a636559b85a58d9,SHA-256,Malicious installer archive (zinst.6638258001 (1).zip)
08bf6807b37b7172dec2002553111e700bf739e2320a557e17394353d985531a,SHA-256,Malicious installer archive (zinst.6638258002.zip)
91f1c95aac0b10be1948d680afa33c633557347ec55bd76eded6851e3f3733f6,SHA-256,Malicious installer archive (zinst.6638258002.zip)
b63e06268f733660508c05ccde49ac78f3046bd491e3cc92802b4e8e0e59cff1,SHA-256,Malicious installer archive (zinst.6638258002.zip)
625cff5535172d721fdc3ff9f7957f48af75f267c9b0c19d74b27f65f724082d,SHA-256,Malicious installer archive (zinst.6638258003.zip)
18226b9c5f315ec8843aa84df3c7884be93ea8ca23773cd766b004d81e708fea,SHA-256,Malicious installer archive (zinst.6638258004.zip)
4f8e9554853a7e8ee6c9da85cac21a34d0db90ec2487e9e103cd750b1c6c6ba2,SHA-256,Malicious installer archive (zinst.6638258006.zip)
2255f6c789d34a4e13bcca900505a8f1ce460d78bd91fc3a0a4fb21ab5e91ca4,SHA-256,Malicious installer archive (zinst.6638258007.zip)
5408c138cd985ae6550caf5a03f0a3ee61c829200ad87e3b4fc4a7bb678a01e1,SHA-256,Malicious installer archive (zinst.6638258007.zip)
634c88905290472d96f7b07d5619e393768a2f4a3dc02ec57fdb0a5664eda0c6,SHA-256,Malicious installer archive (zinst.6638258007.zip)
ca76bc7b876c9475bff3f8b899405145e4e39b0ce428a8b8c624992e19280bb7,SHA-256,Malicious installer archive (zinst.6638258008.zip)
50f4815079b9f17b1427bf067bb1067646a2eecb1ba3c59c5f53edf32c6e39f4,SHA-256,Malicious installer archive (zinst.6638258009.zip)
7bb445219f46cfbd5e093aacfdf8ba4f4c6c1fdd0acc436b364e7ce9cee91a10,SHA-256,Malicious installer archive (zinst.6638258010.zip)
db4841a4b5587f6cf8e929653811c623301d375a5f3e5d60c862f57efa1bf401,SHA-256,Malicious installer archive (zinst.6638258010.zip)
4eff0b0e1a96f5be39aa9c502405ea9ecc9a205f7c95857c3f7df06934cb6d93,SHA-256,Malicious installer archive (zinst.6638258012.zip)
6b0581832b87f21ecf87332c7ec607b042648dfbad618a86f886b551679962c2,SHA-256,Malicious installer archive (zinst.6638258014.zip)
50732a14157bb54d9e72687c6971eeab941a77c71e9d434bbca6dd2645c7a486,SHA-256,Malicious installer archive (zinst.66tt3858002.zip)
8bcd450045a0ecf5977ff35bba2a73bc433e221b88be0f9fea8bfa521285b010,SHA-256,Malicious installer archive (zinst.66382tt007.zip)
309d351f3cb8339c8c6bed3727e36382d12bf85b9205618251442b29756e8e8f,SHA-256,Malicious installer archive (zintall.6638250005.zip)
aa69c9bc4a56cfc6eb09822d4346e0292df911d14c5a4166184ca4cd5a5cff82,SHA-256,Malicious installer archive (zintall.6638250006.zip)
eb83247fcc35af9e4e80cf9c218c6ab250d9c4a8537b1bf293fdb586d15f3099,SHA-256,Malicious installer archive (zintall.8685330013.zip)
6b19c685f61f2679507fb5ce03b997f4a44a855a764f15288c9e2ad498ebe2e0,SHA-256,Malicious installer archive (zintall.8685330015.zip)
53d6373969dd0c2905994a6408d9499309e75f1d8a93c2f4480c14c0d707c7c2,SHA-256,Delivery wrapper / installer (a_insapp6532001.exe)
5f931d15cf2b3727d6ff3183a35b4502b8eb78f4890b8c66c543d256b57218b5,SHA-256,Delivery wrapper / installer (a_instapp83352013.exe)
457baa4c825857e120387ec6f15edb4995acd3d1d9c06e54a89f7dce88132372,SHA-256,Delivery wrapper / installer (a_instapp83353001.exe)
fb43f23fccf711f162f4a4312ec28d4d2828fcf2c14ddc88c006b8ce6b36e724,SHA-256,Delivery wrapper / installer (ainst8663586104.exe)
13f1a9f4fa6520054c51556854a959e7adf102b3534b417e22ade150269e7515,SHA-256,Delivery wrapper / installer (ainst86235862013.exe)
6332ed7879849b6bac51572ffea86d4fa1694274f8f3238ee032c891e2536a24,SHA-256,Delivery wrapper / installer (ainstaller-86533003.exe)
9f43e9612ece996994a5209309bbb37f93d199cee8a2c241c32ef27260dff0b5,SHA-256,Delivery wrapper / installer (ainstaller-86533014.exe)
f684fbe5181c5c797cd11c9683c5e0ace83c173eff759da0afa2198d68562978,SHA-256,Delivery wrapper / installer (alouhdnst65831001.exe)
ccc101829769c9df965bdf28e999915d997407fedab333400c701d35b2c38088,SHA-256,Delivery wrapper / installer (aps-8518008.exe)
7d7c3751005dd337ec08f8ffdafcb320c5111a1798e5adea1690539d7d4ae565,SHA-256,Delivery wrapper / installer (z_instapp83351010.exe)
fb76ce8c7464fce50c727b85d34643e88919b61b9821483c6936b788a1f08e9f,SHA-256,Delivery wrapper / installer (zinsapp6565009.exe)
1c694f0be25202cc71d3f6ef68e371325215eb91a43b8be445b6c33026d9ea30,SHA-256,Delivery wrapper / installer (zinst85535862008.exe)
cbe899d11c2f90980041245f5dbad1035131afae7332ae50efcd853044d10441,SHA-256,Delivery wrapper / installer (zky868538207.exe)
6263fe5dfe9724354236fa8dba15f9ed96c053f56bfe49aa6bb0b07961d97eb0,SHA-256,Delivery wrapper / installer (zky868538208.exe)
b1770b9ced33eb567c81fa46394bf0d13f87cb2ddcb2b8159d9de4cd9df765ef,SHA-256,Delivery wrapper / installer (zky868643806.exe)
bd52f3023fbf78d6d357cc60129b7b63ccbc88a5d2f93e974113505cb604e8af,SHA-256,Delivery wrapper / installer (zky868643809.exe)
a44ef560476c335ea77f28d688b1fe93d74382f1d9028651414785c76bdb4d1b,SHA-256,Delivery wrapper / installer (svchost.exe (masquerade — D:\hellothere\))
676a2a7b94ca2f8ec76352ee656e4d075bb342bd7ad6efbc7c19c060001eace7,SHA-256,Stage-one payload (aLcUaw.exe; C:\Users\Public\<random>)
6d6ba2bc9ad414837826f7278bc3e0116f1aeda02d0c2284ed65819f5d9180a8,SHA-256,Later-stage payload (ErNGxW.exe; 7EIr6VA.exe)
c4100ad39d8db98f063feb6c3b6c8e9a9f9d9bf25a1e0233f43b058ff8a7dbdf,SHA-256,Later-stage networking payload
1bd3662d784840e410d2d3c0a1040277f7f549089447359f01e05c2559cb1f17,SHA-256,Persistent payload (7fYptijy.exe)
c6100166e2d3b40388980f7674712ef39e937ac04925ca5d370415399ed73faf,SHA-256,Persistent payload / TrueUpdate loader (beuv4Mie.exe)
f33d160d757e4b39019fdef21cf90cafb501b800ca0d4039366bc30856e3d81b,SHA-256,Persistent / networking payload (SaYC4Mga.exe)
