domain,created,registrar
equityrealty.report,2026-09-14 04:19:38,"GoDaddy.com, LLC"
most.report,2026-08-28 01:39:51,"NameCheap, Inc."
tbx.report,2026-08-29 08:39:37,"NameCheap, Inc."
tradie.report,2026-09-15 09:41:23,"GoDaddy.com, LLC"
worldgames.report,2026-09-15 18:43:45,"GoDaddy.com, LLC"
rekt.report,2026-09-10 12:35:37,"NameCheap, Inc."
unum.report,2026-09-07 20:12:51,Dynadot Inc
border.report,2026-08-18 23:28:52,Squarespace Domains II LLC
structural.report,2026-09-15 14:27:09,"NameCheap, Inc."
marlow.report,2026-09-11 22:02:44,"NameCheap, Inc."
moved.report,2026-09-15 14:27:22,"NameCheap, Inc."
erc.report,2026-09-16 06:38:34,"GoDaddy.com, LLC"
chartroom.report,2026-08-24 16:45:29,"Cloudflare, Inc"
inspire.report,2026-09-08 20:11:09,Dynadot Inc
lateprint.report,2026-09-16 05:32:30,"HOSTINGER operations, UAB"
datum.report,2026-08-24 05:03:48,"GoDaddy.com, LLC"
be-review.report,2026-09-16 01:28:19,Dynadot Inc
topview.report,2026-08-18 17:35:13,"Cloudflare, Inc"
sattamatkamarket.report,2026-09-15 04:03:16,"NameCheap, Inc."
thedrone.report,2026-08-19 22:12:55,Automattic Inc.
be-monitor.report,2026-09-13 20:09:38,Global Domain Group LLC
sysref.report,2026-09-01 01:57:23,"NameCheap, Inc."
expeditors.report,2026-09-12 18:37:25,Dynadot Inc
wilderness.report,2026-09-14 10:30:05,"Cloudflare, Inc"
hike.report,2026-09-15 13:34:45,"Cloudflare, Inc"
unprompted.report,2026-08-21 18:17:35,"NameCheap, Inc."
reportsbyorion.report,2026-09-08 11:16:27,"NameCheap, Inc."
publicliens.report,2026-08-18 20:06:50,Mesh Digital Limited
policingequity.report,2026-09-15 06:42:14,"NameCheap, Inc."
themind.report,2026-08-20 04:51:18,"HOSTINGER operations, UAB"
omnisight.report,2026-09-09 11:42:25,Porkbun LLC
hoop.report,2026-09-14 21:15:31,DiaMatrix C.C.
divanews.report,2026-09-12 07:32:06,Nomeo BV
lyrahealth.report,2026-09-14 18:45:01,Dynadot Inc
overhang.report,2026-09-13 05:15:42,"Name.com, Inc"
marshal.report,2026-09-09 21:51:24,"NameCheap, Inc."
52.report,2026-09-14 04:19:41,"Cloudflare, Inc"
thespace.report,2026-09-10 14:18:32,"NameCheap, Inc."
ray.report,2026-09-10 14:16:08,"NameCheap, Inc."
qh88.report,2026-09-09 08:59:40,"GoDaddy.com, LLC"
rbx.report,2026-09-10 22:17:38,Dynadot Inc
grants.report,2026-09-12 15:58:40,"NameCheap, Inc."
find-my.report,2026-09-05 13:33:52,"Sav.com, LLC"
cyberincident.report,2026-09-13 08:13:51,"NameCheap, Inc."
offseq.report,2026-09-13 08:10:58,Tucows Domains Inc.
trustinsight.report,2026-09-13 06:46:00,"GoDaddy.com, LLC"
foretold.report,2026-09-11 07:33:53,Porkbun LLC
herakmon.report,2026-09-12 18:23:26,"NameCheap, Inc."
leapward.report,2026-09-12 17:13:31,"Cloudflare, Inc"
vlc.report,2026-09-10 16:33:02,"Cloudflare, Inc"
nas.report,2026-09-08 20:48:12,Dynadot Inc
fnrs.report,2026-08-31 11:41:15,Infomaniak Network SA
sciences.report,2026-09-11 02:05:46,"NameCheap, Inc."
bap.report,2026-09-12 08:36:26,"Name.com, Inc."
tom.report,2026-09-11 20:01:56,"GoDaddy.com, LLC"
stash.report,2026-09-12 00:25:08,"NameCheap, Inc."
fathom.report,2026-08-20 03:57:00,"NameCheap, Inc."
record.report,2026-09-10 06:24:21,"Megazone Corp., dba HOSTING.KR"
yomovies.report,2026-08-18 17:01:02,Dynadot Inc
brap.report,2026-09-11 12:27:06,Squarespace Domains II LLC
rekt.report,2026-09-10 12:35:37,"NameCheap, Inc."
vreme.report,2026-09-07 08:41:47,CSL Computer Service Langenbach GmbH d/b/a Joker.com
aster.report,2026-09-09 10:22:33,Tucows Domains Inc.
be-check.report,2026-08-22 06:26:50,Dynadot Inc
monogram.report,2026-08-20 00:41:12,"GoDaddy.com, LLC"
theappetite.report,2026-09-11 05:58:03,"HOSTINGER operations, UAB"
sami.report,2026-09-04 12:56:22,OVH SAS
aiuae.report,2026-09-08 08:51:29,"GoDaddy.com, LLC"
selectmedical.report,2026-09-10 22:30:57,Dynadot Inc
be-process.report,2026-09-10 22:00:05,Global Domain Group LLC
hcahealthcare.report,2026-09-10 20:52:40,Dynadot Inc
touchpoint.report,2026-09-10 20:06:37,"NameCheap, Inc."
brandmauer.report,2026-09-09 13:53:48,Scaleway SAS
propertytax.report,2026-09-08 00:06:14,"Cloudflare, Inc"
stateofthechaos.report,2026-09-10 13:13:48,"GoDaddy.com, LLC"
inspire.report,2026-09-08 20:11:09,Dynadot Inc
420.report,2026-09-09 15:38:30,"Sav.com, LLC"
yolo.report,2026-09-09 20:22:41,"NameCheap, Inc."
caraudit.report,2026-08-24 16:35:31,"Gransy, s.r.o."
mclean.report,2026-09-10 13:11:15,Squarespace Domains II LLC
xlt.report,2026-09-09 12:41:43,"Ascio Technologies, Inc. Danmark - Filial af Ascio technologies, Inc. USA"
expedition.report,2026-08-28 22:35:51,"Cloudflare, Inc"
inspiredinsights.report,2026-08-19 18:35:31,"NameCheap, Inc."
sigint.report,2026-09-09 09:25:12,Dynadot Inc
cheer.report,2026-09-08 13:26:56,"GoDaddy.com, LLC"
qh88.report,2026-09-09 08:59:40,"GoDaddy.com, LLC"
piano.report,2026-09-10 00:54:31,"Cloudflare, Inc"
inspiredseoaudit.report,2026-08-20 19:53:56,"NameCheap, Inc."
clubchampion.report,2026-08-24 13:55:34,"NameCheap, Inc."
escrow.report,2026-09-08 08:52:29,"GoDaddy.com, LLC"
joel.report,2026-09-09 15:51:44,"Sav.com, LLC"
rgb.report,2026-09-09 18:58:10,"GoDaddy.com, LLC"
cinch.report,2026-09-08 05:49:02,"Cloudflare, Inc"
noi.report,2026-08-24 13:34:43,"NameCheap, Inc."
support.report,2026-09-08 14:54:04,Porkbun LLC
yourwebsite.report,2026-09-08 12:48:35,"NameCheap, Inc."
arena.report,2026-09-09 00:28:22,"Cloudflare, Inc"
discounttire-retail.report,2026-09-05 19:08:37,Dynadot Inc
myproperty.report,2026-09-08 12:22:01,"GoDaddy.com, LLC"
storms.report,2026-09-02 15:49:39,"Cloudflare, Inc"
socolivetv.report,2026-08-31 06:10:19,"NameCheap, Inc."
archie.report,2026-09-05 23:57:49,Porkbun LLC
neo.report,2026-09-07 15:46:22,"NameCheap, Inc."
beef.report,2026-08-27 00:57:19,"Cloudflare, Inc"
automaton.report,2026-09-08 11:30:32,"NameCheap, Inc."
ams.report,2026-09-07 16:47:28,"GoDaddy.com, LLC"
cupel.report,2026-08-23 12:21:40,"NameCheap, Inc."
fabet.report,2026-09-07 07:43:18,"Spaceship, Inc."
ledgerwallet.report,2026-08-23 12:41:15,Web Commerce Communications Limited dba WebNic.cc
thebaseline.report,2026-09-05 20:36:59,Porkbun LLC
plcreports.report,2026-09-08 06:52:24,"NameCheap, Inc."
serptide.report,2026-09-01 10:07:58,"GoDaddy.com, LLC"
findme.report,2026-09-08 01:15:15,Squarespace Domains II LLC
callisto.report,2026-09-07 02:45:27,"Cloudflare, Inc"
keyhole.report,2026-08-25 21:05:59,"NameCheap, Inc."
rel.report,2026-09-07 16:28:02,Squarespace Domains II LLC
zenko.report,2026-09-04 01:49:18,"Spaceship, Inc."
i9bet.report,2026-09-04 15:16:14,Domain Science Kutatási Szolgáltató Korlátolt Felelősségű Társaság
coaster.report,2026-09-06 16:30:28,"Cloudflare, Inc"
trezorsuite.report,2026-08-22 14:38:55,Web Commerce Communications Limited dba WebNic.cc
unfounded.report,2026-08-29 17:16:59,"NameCheap, Inc."
ev88.report,2026-09-06 09:36:22,"Spaceship, Inc."
whynot.report,2026-09-03 15:15:36,Domain Science Kutatási Szolgáltató Korlátolt Felelősségű Társaság
123b.report,2026-09-03 15:15:31,Domain Science Kutatási Szolgáltató Korlátolt Felelősségű Társaság
gen.report,2026-09-06 14:28:30,"NameCheap, Inc."
thewealth.report,2026-09-07 10:51:56,"HOSTINGER operations, UAB"
memory-insights.report,2026-09-01 14:18:45,"NameCheap, Inc."
mill.report,2026-09-07 05:11:31,"GoDaddy.com, LLC"
f8bet.report,2026-08-27 15:15:43,Domain Science Kutatási Szolgáltató Korlátolt Felelősségű Társaság
sotc.report,2026-09-04 19:44:16,"NameCheap, Inc."
passwords.report,2026-09-05 01:17:17,"Amazon Registrar, Inc."
vz99.report,2026-08-25 10:22:58,"Spaceship, Inc."
kubet88.report,2026-09-04 15:16:19,Domain Science Kutatási Szolgáltató Korlátolt Felelősségű Társaság
hometech.report,2026-09-04 13:59:01,"GoDaddy.com, LLC"
airramp.report,2026-09-06 03:17:34,"Cloudflare, Inc"
inthewild.report,2026-08-27 05:15:35,"Cloudflare, Inc"
undertheoaks.report,2026-08-28 18:34:14,Automattic Inc.
discounttire-retail.report,2026-09-05 19:08:37,Dynadot Inc
seaworthy.report,2026-09-05 17:26:42,"Cloudflare, Inc"
nellis.report,2026-09-04 14:54:15,"NameCheap, Inc."
gameday.report,2026-09-05 15:48:26,"Cloudflare, Inc"
find-my.report,2026-09-05 13:33:52,"Sav.com, LLC"
sami.report,2026-09-04 12:56:22,OVH SAS
nigga.report,2026-09-05 08:01:35,"Spaceship, Inc."
tbs-marketing.report,2026-09-04 02:55:40,"NameCheap, Inc."
websecurity.report,2026-08-28 01:33:12,Dynadot Inc
thebakingfairy.report,2026-09-01 16:32:48,"Name.com, Inc."
olv.report,2026-09-04 20:34:37,"Key-Systems, LLC"
msr.report,2026-09-04 15:01:54,"GoDaddy.com, LLC"
bullish.report,2026-09-03 15:41:06,"NameCheap, Inc."
ga6789.report,2026-09-03 12:32:23,"NameCheap, Inc."
tactics.report,2026-08-28 01:33:12,Dynadot Inc
parity.report,2026-08-27 15:28:46,Super Registry Ltd
petinsurance.report,2026-08-28 01:33:12,Dynadot Inc
carscan.report,2026-09-01 19:23:31,"GoDaddy.com, LLC"
dnshealth.report,2026-09-01 16:39:43,"Cloudflare, Inc"
wisboo.report,2026-09-03 23:03:21,"Cloudflare, Inc"
roller.report,2026-09-03 20:24:04,"Cloudflare, Inc"
rooseveltisland.report,2026-09-02 02:07:54,Porkbun LLC
americancrisis.report,2026-08-24 15:33:08,Tucows Domains Inc.
agentbrief.report,2026-09-03 12:35:40,"GoDaddy.com, LLC"
101.report,2026-09-01 07:29:16,"Spaceship, Inc."
construct.report,2026-09-03 10:00:05,"Cloudflare, Inc"
be-verify.report,2026-09-03 10:57:24,Dynadot Inc
tracked.report,2026-09-03 10:21:03,"NameCheap, Inc."
gos.report,2026-09-01 04:26:11,Porkbun LLC
stillalive.report,2026-08-31 20:06:34,"Cloudflare, Inc"
be-status.report,2026-09-03 09:43:24,Global Domain Group LLC
dst.report,2026-09-02 20:18:14,"NameCheap, Inc."
premium.report,2026-08-28 09:56:51,"Cloudflare, Inc"
nhn.report,2026-08-24 12:08:13,"Key-Systems, LLC"
fnrs.report,2026-08-31 11:41:15,Infomaniak Network SA
myevent.report,2026-09-02 18:02:01,"Cloudflare, Inc"
stable.report,2026-08-23 15:15:31,Domain Science Kutatási Szolgáltató Korlátolt Felelősségű Társaság
ship.report,2026-09-02 16:29:06,NAMECHEAP INC
grupo.report,2026-09-02 19:15:46,"HOSTINGER operations, UAB"
ship.report,2026-09-02 16:29:06,"NameCheap, Inc."
toolbelt.report,2026-09-02 14:59:00,"NameCheap, Inc."
stfu.report,2026-08-29 19:40:54,"Amazon Registrar, Inc."
uhr.report,2026-09-02 13:32:23,NAMECHEAP INC
uhr.report,2026-09-02 13:32:23,"NameCheap, Inc."
cakhiatv.report,2026-09-01 06:12:41,"NameCheap, Inc."
reachable.report,2026-09-02 07:21:09,Hosting Concepts B.V. d/b/a Registrar.eu
blood-insights.report,2026-09-01 14:16:33,"NameCheap, Inc."
bjorn.report,2026-08-21 09:45:04,Hosting Ukraine LLC
joseph.report,2026-08-21 12:47:07,"Name.com, Inc"
terrain.report,2026-08-21 21:48:56,"Cloudflare, Inc."
bjorn.report,2026-08-21 09:45:04,Hosting Ukraine LLC
applied.report,2026-09-02 00:13:58,"Cloudflare, Inc."
flying.report,2026-08-26 10:51:21,Dynadot Inc
applied.report,2026-09-02 00:13:58,"Cloudflare, Inc"
engreports.report,2026-09-01 16:34:58,"NameCheap, Inc."
nugget.report,2026-09-01 16:47:23,"HOSTINGER operations, UAB"
responsive.report,2026-08-24 06:36:51,"Cloudflare, Inc"
be-info.report,2026-08-24 18:35:07,Dynadot Inc
memory-news.report,2026-09-01 14:18:45,"NameCheap, Inc."
blood-news.report,2026-09-01 14:16:33,"NameCheap, Inc."
glucose-insights.report,2026-09-01 14:16:39,"NameCheap, Inc."
memory-discoveries.report,2026-09-01 14:18:45,"NameCheap, Inc."
glucose-news.report,2026-09-01 14:16:33,"NameCheap, Inc."
f8bet.report,2026-08-27 15:15:43,Domain Science Kutatási Szolgáltató Korlátolt Felelősségű Társaság
rating.report,2026-08-31 23:40:42,"NameCheap, Inc."
probe.report,2026-08-31 23:40:41,"NameCheap, Inc."
socolivetv.report,2026-08-31 06:10:19,"NameCheap, Inc."
cartography-of-toxic-legacy.report,2026-09-01 10:40:46,"GoDaddy.com, LLC"
up-time.report,2026-08-25 15:47:16,"Cloudflare, Inc."
up-time.report,2026-08-25 15:47:16,"Cloudflare, Inc"
marketlens.report,2026-08-25 02:13:39,Porkbun LLC
marketlens.report,2026-08-25 02:13:39,Porkbun LLC
veidekke.report,2026-09-01 06:34:50,"NameCheap, Inc."
m88.report,2026-08-31 15:15:31,Domain Science Kutatási Szolgáltató Korlátolt Felelősségű Társaság
themenshealth.report,2026-09-01 01:24:33,"HOSTINGER operations, UAB"
m88.report,2026-08-31 15:15:31,Domain Science Kutatási Szolgáltató Korlátolt Felelősségű Társaság
ahrefs.report,2026-08-31 21:10:41,"Name.com, Inc"
ahrefs.report,2026-08-31 21:10:41,"Name.com, Inc."
marketmind.report,2026-08-31 22:55:23,"Cloudflare, Inc"
cuusd.report,2026-08-28 16:28:52,"Network Solutions, LLC"
atimaterials.report,2026-08-30 19:38:58,"NameCheap, Inc."
gestalt.report,2026-08-29 08:42:36,"Cloudflare, Inc"
integrated.report,2026-08-31 14:03:45,"GoDaddy.com, LLC"
diple.report,2026-08-20 01:39:43,Porkbun LLC
themind.report,2026-08-20 04:51:18,"HOSTINGER operations, UAB"
vires.report,2026-08-30 01:21:21,Porkbun LLC
morse.report,2026-08-30 20:28:55,"GoDaddy.com, LLC"
integrity.report,2026-08-20 15:15:55,Domain Science Kutatási Szolgáltató Korlátolt Felelősségű Társaság
cp.report,2026-08-21 05:45:32,"Cloudflare, Inc."
rideshare.report,2026-08-30 18:53:32,Tucows Domains Inc.
carat.report,2026-08-30 14:53:41,"Cloudflare, Inc"
slotgacor.report,2026-08-29 23:57:11,Gname.com Pte. Ltd.
monday.report,2026-08-23 13:30:43,Porkbun LLC
apk.report,2026-08-29 15:37:27,DevExpanse Ltd d/b/a Regery.com
pentesting.report,2026-08-19 00:00:00,Eurodns S.A.
weathertomorrow.report,2026-08-29 05:16:19,"GoDaddy.com, LLC"
slotgacor.report,2026-08-29 23:57:11,GNAME.COM PTE. LTD.
folio8.report,2026-08-30 02:13:26,"Cloudflare, Inc"
tomorrowsweather.report,2026-08-29 05:16:18,"GoDaddy.com, LLC"
caraudit.report,2026-08-24 16:35:31,"Gransy, s.r.o."
thevapt.report,2026-08-19 00:00:00,Eurodns S.A.
replacement.report,2026-08-20 00:03:03,"Cloudflare, Inc."
apk.report,2026-08-29 15:37:27,Devexpanse Ltd d/b/a Regery.com
365vapt.report,2026-08-19 00:00:00,Eurodns S.A.
raamraajya.report,2026-08-19 05:24:02,Automattic Inc.
substance.report,2026-08-28 03:31:15,Synergy Wholesale Accreditations Pty Ltd
websecurity.report,2026-08-28 01:33:12,Dynadot Inc
tr88.report,2026-08-27 12:28:36,"NameCheap, Inc."
premium.report,2026-08-28 09:56:51,"Cloudflare, Inc"
insolvency.report,2026-08-28 18:51:19,IONOS SE
afteraccident.report,2026-08-28 01:33:12,Dynadot Inc
petinsurance.report,2026-08-28 01:33:12,Dynadot Inc
most.report,2026-08-28 01:39:51,"NameCheap, Inc."
thevin.report,2026-08-27 17:54:53,"Spaceship, Inc."
warranty.report,2026-08-28 01:33:12,Dynadot Inc
insurancequote.report,2026-08-28 01:33:12,Dynadot Inc
insurancequotes.report,2026-08-28 01:33:12,Dynadot Inc
thoom.report,2026-08-28 18:56:33,"GoDaddy.com, LLC"
avici.report,2026-08-28 18:03:03,"Name.com, Inc."
parity.report,2026-08-27 15:28:46,SUPER REGISTRY INC.
vitals.report,2026-08-27 23:26:26,"Cloudflare, Inc"
cold.report,2026-08-27 20:42:59,"NameCheap, Inc."
datum.report,2026-08-24 05:03:48,"GoDaddy.com, LLC"
noxguard.report,2026-08-23 07:52:36,"NameCheap, Inc."
kidsincluded.report,2026-08-27 15:15:33,"NameCheap, Inc."
livingintel.report,2026-08-23 14:04:45,"NameCheap, Inc."
topview.report,2026-08-18 17:35:13,"Cloudflare, Inc."
bydesign.report,2026-08-27 20:39:55,"GoDaddy.com, LLC"
sceats-oil.report,2026-08-25 08:25:25,"GoDaddy.com, LLC"
cup.report,2026-08-27 20:46:09,"Spaceship, Inc."
darkmoney.report,2026-08-27 14:54:32,"Cloudflare, Inc"
geotech.report,2026-08-27 21:20:14,Squarespace Domains II LLC
rounds.report,2026-08-27 16:30:38,"Name.com, Inc."
signaldesk.report,2026-08-22 20:51:49,"Cloudflare, Inc"
mari.report,2026-08-25 15:15:37,Domain Science Kutatási Szolgáltató Korlátolt Felelősségű Társaság
cti.report,2026-08-26 03:38:09,Porkbun LLC
purple.report,2026-08-26 02:10:43,"Cloudflare, Inc"
luca.report,2026-08-26 02:08:28,"Spaceship, Inc."
beef.report,2026-08-27 00:57:19,"Cloudflare, Inc"
workedon.report,2026-08-26 08:00:56,"GoDaddy.com, LLC"
decoded.report,2026-08-27 09:01:12,"NameCheap, Inc."
alfred.report,2026-08-27 06:42:12,"Cloudflare, Inc"
anaretic.report,2026-08-27 00:17:24,"Spaceship, Inc."
prop.report,2026-08-25 19:33:07,"NameCheap, Inc."
bdosecure.report,2026-08-26 03:18:56,"GoDaddy.com, LLC"
nextlevel.report,2026-08-22 15:16:02,Domain Science Kutatási Szolgáltató Korlátolt Felelősségű Társaság
mari.report,2026-08-25 15:15:37,Domain Science Kutatási Szolgáltató Korlátolt Felelősségű Társaság
stable.report,2026-08-23 15:15:31,Domain Science Kutatási Szolgáltató Korlátolt Felelősségű Társaság
responsive.report,2026-08-24 06:36:51,"Cloudflare, Inc"
gossip.report,2026-08-23 02:16:10,Porkbun LLC
philosophy.report,2026-08-24 00:14:06,"NameCheap, Inc."
sitrep.report,2026-08-23 02:16:10,Porkbun LLC
nextlevel.report,2026-08-22 15:16:02,Domain Science Kutatási Szolgáltató Korlátolt Felelősségű Társaság
aussie.report,2026-08-23 02:57:49,Porkbun LLC
monday.report,2026-08-23 13:30:43,Porkbun LLC
gun.report,2026-08-23 02:16:09,Porkbun LLC
russian.report,2026-08-23 03:05:04,Porkbun LLC
canadian.report,2026-08-23 03:04:59,Porkbun LLC
lng.report,2026-08-23 22:08:32,Porkbun LLC
arrest.report,2026-08-23 02:16:12,Porkbun LLC
boxoffice.report,2026-08-23 02:16:11,Porkbun LLC
racism.report,2026-08-23 15:00:46,"NameCheap, Inc."
speech.report,2026-08-23 02:16:12,Porkbun LLC
chinese.report,2026-08-23 03:05:11,Porkbun LLC
metis.report,2026-08-22 19:43:02,"GoDaddy.com, LLC"
integrity.report,2026-08-20 15:15:55,Domain Science Kutatási Szolgáltató Korlátolt Felelősségű Társaság
inventory.report,2026-08-20 10:49:09,"Cloudflare, Inc"
bribe.report,2026-08-19 21:58:02,"HOSTINGER operations, UAB"
pentesting.report,2026-08-19 12:43:03,EuroDNS S.A.
cym.report,2026-08-18 14:04:19,"NameCheap, Inc."
vintorix.report,2026-08-18 14:47:15,"Name.com, Inc."
ort.report,2026-08-18 11:42:16,InterNetX GmbH
365vapt.report,2026-08-19 12:43:54,EuroDNS S.A.
accuracy.report,2026-08-25 22:38:21,"Name.com, Inc"
visits.report,2026-08-25 20:48:33,Dynadot Inc
result.report,2026-08-24 08:31:16,"Amazon Registrar, Inc."
grade.report,2026-08-21 03:31:57,Dynadot Inc
icheck.report,2026-08-24 01:36:08,"GoDaddy.com, LLC"
nhn.report,2026-08-24 12:08:13,Key-Systems GmbH
joseph.report,2026-08-21 12:47:07,"Name.com, Inc"
joseph.report,2026-08-21 12:47:07,"Name.com, Inc."
responsive.report,2026-08-24 06:36:51,"Cloudflare, Inc."
rbtv77.report,2026-08-24 15:16:01,Domain Science Kutatási Szolgáltató Korlátolt Felelősségű Társaság
training.report,2026-08-23 17:33:29,"Cloudflare, Inc."
training.report,2026-08-23 17:33:29,"Cloudflare, Inc"
rajzyngier.report,2026-08-25 00:24:18,"Spaceship, Inc."
ramrajya.report,2026-08-19 04:53:00,Automattic Inc.
bix.report,2026-08-23 14:04:52,"NameCheap, Inc."
complichain.report,2026-08-21 10:07:40,"Cloudflare, Inc"
bigbrandtire.report,2026-08-24 03:23:23,Porkbun LLC
border.report,2026-08-18 23:28:52,Squarespace Domains II LLC
chartroom.report,2026-08-24 16:45:29,"Cloudflare, Inc"
monday.report,2026-08-23 13:30:44,Porkbun LLC
yank.report,2026-08-23 02:57:48,Porkbun LLC
colombian.report,2026-08-23 03:05:09,Porkbun LLC
malaysian.report,2026-08-23 03:05:05,Porkbun LLC
ozzie.report,2026-08-23 02:57:51,Porkbun LLC
cheesehead.report,2026-08-23 02:57:51,Porkbun LLC
fear.report,2026-08-23 02:16:09,Porkbun LLC
french.report,2026-08-23 03:05:01,Porkbun LLC
aussie.report,2026-08-23 02:57:49,Porkbun LLC
chilean.report,2026-08-23 03:05:09,Porkbun LLC
anger.report,2026-08-23 02:16:10,Porkbun LLC
propeller.report,2026-08-24 07:10:05,PDR Ltd. d/b/a PublicDomainRegistry.com
socolive.report,2026-08-24 05:20:41,Dynadot Inc
datum.report,2026-08-24 05:03:48,"GoDaddy.com, LLC"
complychain.report,2026-08-21 10:05:05,"Cloudflare, Inc"
scamradar.report,2026-08-23 16:03:24,"GoDaddy.com, LLC"
golygoosh.report,2026-08-23 14:56:27,"Cloudflare, Inc"
covert.report,2026-08-22 23:18:08,Porkbun LLC
signaldesk.report,2026-08-22 20:51:49,"Cloudflare, Inc."
unprompted.report,2026-08-21 18:17:35,"NameCheap, Inc."
xpi.report,2026-08-23 00:27:24,"GoDaddy.com, LLC"
rawsignal.report,2026-08-23 04:25:16,"GoDaddy.com, LLC"
terrain.report,2026-08-21 21:48:56,"Cloudflare, Inc"
metis.report,2026-08-22 19:43:02,"GoDaddy.com, LLC"
sp.report,2026-08-22 13:01:25,"Sav.com, LLC"
firstamendment.report,2026-08-21 16:38:11,"GoDaddy.com, LLC"
sp.report,2026-08-22 13:01:25,"Sav.com, LLC"
99home.report,2026-08-22 14:23:41,"GoDaddy.com, LLC"
sale.report,2026-08-20 18:53:29,Epik LLC
be-check.report,2026-08-22 06:26:50,Dynadot Inc
replacement.report,2026-08-20 00:03:03,"Cloudflare, Inc."
watchout.report,2026-08-22 02:22:38,Porkbun LLC
replacement.report,2026-08-20 00:03:03,"Cloudflare, Inc"
diat.report,2026-08-20 17:20:58,"Cloudflare, Inc"
offerup.report,2026-08-20 17:24:44,Global Domain Group LLC
shrine.report,2026-08-20 15:19:14,Porkbun LLC
buildbi.report,2026-08-20 17:46:49,"NameCheap, Inc."
rainbix.report,2026-08-21 14:15:07,"NameCheap, Inc."
shrine.report,2026-08-20 15:19:14,Porkbun LLC
cccmis.report,2026-08-20 15:43:33,"Cloudflare, Inc."
inventory.report,2026-08-20 10:49:09,"Cloudflare, Inc."
integrity.report,2026-08-20 15:15:55,Domain Science Kutatási Szolgáltató Korlátolt Felelősségű Társaság
programming.report,2026-08-21 09:46:33,"Cloudflare, Inc"
cp.report,2026-08-21 05:45:32,"Cloudflare, Inc"
inspiredseoaudit.report,2026-08-20 19:53:56,NAMECHEAP INC
thevapt.report,2026-08-19 12:43:24,EuroDNS S.A.
inspiredseoaudit.report,2026-08-20 19:53:56,"NameCheap, Inc."
pentesting.report,2026-08-19 12:43:03,EuroDNS S.A.
cccmis.report,2026-08-20 15:43:33,"Cloudflare, Inc"
raamraajya.report,2026-08-19 05:24:02,http://www.automattic.com/
themind.report,2026-08-20 04:51:18,"HOSTINGER operations, UAB"
monogram.report,2026-08-20 00:41:12,"GoDaddy.com, LLC"
bribe.report,2026-08-19 21:58:02,"HOSTINGER operations, UAB"
bribe.report,2026-08-19 21:58:02,"HOSTINGER operations, UAB"
inspiredinsights.report,2026-08-19 18:35:31,"NameCheap, Inc."
cym.report,2026-08-18 14:04:19,"NameCheap, Inc."
vintorix.report,2026-08-18 14:47:15,"Name.com, Inc."
sculk.report,2026-08-18 19:46:50,Porkbun LLC
yomovies.report,2026-08-18 17:01:02,Dynadot Inc
brandltalos.report,2026-08-18 20:43:19,"GoDaddy.com, LLC"
cite.report,2026-08-18 19:19:12,"GoDaddy.com, LLC"
publicliens.report,2026-08-18 20:06:50,Mesh Digital Limited
topview.report,2026-08-18 17:35:13,"Cloudflare, Inc"
